name,startdate,dataTakeID,fileVersion,id,clouds,usable
BE-Vie,2021-02-27 10:43:00,20210227104304,1,PRS_L2D_STD_20210227104304_20210227104308_0001,some,1
BE-Vie,2020-06-29 10:55:00,20200629105538,1,PRS_L2D_STD_20200629105538_20200629105542_0001,many,0
BE-Vie,2020-04-20 10:49:00,20200420104916,1,PRS_L2D_STD_20200420104916_20200420104920_0001,no,1
BE-Vie,2022-07-05 10:46:00,20220705104610,1,PRS_L2D_STD_20220705104610_20220705104614_0001,many,0
BE-Vie,2022-04-15 10:49:00,20220415104920,1,PRS_L2D_STD_20220415104920_20220415104925_0001,many,2
BE-Vie,2022-09-30 10:46:00,20220930104603,1,PRS_L2D_STD_20220930104603_20220930104607_0001,many,0
CH-Dav,2019-06-28 10:28:00,20190628102840,1,PRS_L2D_STD_20190628102840_20190628102844_0001,many,0
DE-Hai,2020-04-25 10:35:00,20200425103535,1,PRS_L2D_STD_20200425103535_20200425103539_0001,many,0
DE-Hai,2020-04-19 10:32:00,20200419103219,1,PRS_L2D_STD_20200419103219_20200419103223_0001,no,1
DE-Hai,2020-05-12 10:28:00,20200512102854,1,PRS_L2D_STD_20200512102854_20200512102859_0001,many,0
DE-Hai,2020-09-23 10:38:00,20200923103807,1,PRS_L2D_STD_20200923103807_20200923103812_0001,many,0
DE-Hai,2020-06-28 10:38:00,20200628103840,1,PRS_L2D_STD_20200628103840_20200628103844_0001,many,0
DE-Hai,2020-07-26 10:21:00,20200726102153,1,PRS_L2D_STD_20200726102153_20200726102157_0001,many,0
DE-Hai,2021-04-14 10:35:00,20210414103521,1,PRS_L2D_STD_20210414103521_20210414103525_0001,many,0
DE-Hai,2021-03-27 10:25:00,20210327102541,1,PRS_L2D_STD_20210327102541_20210327102545_0001,many,0
DE-Hai,2021-09-29 10:32:00,20210929103241,1,PRS_L2D_STD_20210929103241_20210929103245_0001,many,0
DE-Hai,2021-05-01 10:28:00,20210501102833,1,PRS_L2D_STD_20210501102833_20210501102837_0001,many,0
DE-Hai,2022-08-02 10:29:00,20220802102909,1,PRS_L2D_STD_20220802102909_20220802102909_0001,no,1
DE-Hai,2022-09-11 10:19:00,20220911101916,1,PRS_L2D_STD_20220911101916_20220911101920_0001,many,0
DE-Hai,2022-10-05 10:05:00,20221005103228,1,PRS_L2D_STD_20221005103228_20221005103232_0001,many,0
DE-HoH,2020-04-13 10:28:00,20200413102845,1,PRS_L2D_STD_20200413102845_20200413102849_0001,many,2
DE-HoH,2020-08-19 10:35:00,20200819103445,1,PRS_L2D_STD_20200819103445_20200819103450_0001,many,0
DE-HoH,2020-10-27 10:24:00,20201027102418,1,PRS_L2D_STD_20201027102418_20201027102423_0001,many,0
DE-HoH,2021-05-24 10:24:00,20210524102449,1,PRS_L2D_STD_20210524102449_20210524102454_0001,some,2
DE-HoH,2021-07-27 10:28:00,20210727102837,1,PRS_L2D_STD_20210727102837_20210727102841_0001,many,0
DE-HoH,2021-07-10 10:35:00,20210710103509,1,PRS_L2D_STD_20210710103509_20210710103514_0001,some,1
DE-HoH,2022-06-28 10:25:00,20220628102530,1,PRS_L2D_STD_20220628102530_20220628102534_0001,some,1
DE-HoH,2022-09-06 10:32:00,20220906103212,1,PRS_L2D_STD_20220906103212_20220906103216_0001,haze,0
DE-HoH,2022-02-26 10:22:00,20220226102231,1,PRS_L2D_STD_20220226102231_20220226102235_0001,many,0
DE-HoH,2022-09-17 10:22:00,20220917102217,1,PRS_L2D_STD_20220917102217_20220917102221_0001,many,0
DE-RuS,2020-03-16 10:45:00,20200316104552,1,PRS_L2D_STD_20200316104552_20200316104557_0001,haze,0
DE-RuS,2020-04-26 10:52:00,20200426105222,1,PRS_L2D_STD_20200426105222_20200426105226_0001,no,1
DE-RuS,2020-08-20 10:51:00,20200820105150,1,PRS_L2D_STD_20200820105150_20200820105154_0001,haze,0
DE-RuS,2021-04-15 10:52:00,20210415105206,1,PRS_L2D_STD_20210415105206_20210415105210_0001,many,0
DE-RuS,2021-03-05 10:46:00,20210305104607,1,PRS_L2D_STD_20210305104607_20210305104612_0001,some,0
DE-RuS,2021-06-29 10:45:00,20210629104532,1,PRS_L2D_STD_20210629104532_20210629104536_0001,some,1
DE-RuS,2022-05-31 10:42:00,20220531104234,1,PRS_L2D_STD_20220531104234_20220531104238_0001,many,2
FI-Hyy,2020-04-11 09:52:00,20200411095234,1,PRS_L2D_STD_20200411095234_20200411095238_0001,many,1
FI-Hyy,2020-06-26 10:02:00,20200626100214,1,PRS_L2D_STD_20200626100214_20200626100218_0001,no,1
FI-Hyy,2021-07-25 09:52:00,20210725095226,1,PRS_L2D_STD_20210725095226_20210725095230_0001,many,0
FI-Hyy,2021-03-31 09:52:00,20210331095230,1,PRS_L2D_STD_20210331095230_20210331095234_0001,many,0
FI-Hyy,2021-09-04 09:59:00,20210904095923,1,PRS_L2D_STD_20210904095923_20210904095927_0001,many,1
FI-Hyy,2022-10-09 09:59:00,20221009095918,1,PRS_L2D_STD_20221009095918_20221009095923_0001,some,2
FI-Sii,2020-04-11 09:52:00,20200411095234,1,PRS_L2D_STD_20200411095234_20200411095238_0001,some,1
FI-Sii,2020-06-26 10:02:00,20200626100214,1,PRS_L2D_STD_20200626100214_20200626100218_0001,no,1
FI-Sii,2021-07-25 09:52:00,20210725095226,1,PRS_L2D_STD_20210725095226_20210725095230_0001,many,2
FI-Sii,2021-03-31 09:52:00,20210331095230,1,PRS_L2D_STD_20210331095230_20210331095234_0001,many,0
FI-Sii,2021-09-04 09:59:00,20210904095923,1,PRS_L2D_STD_20210904095923_20210904095927_0001,some,1
FI-Sii,2022-10-09 09:59:00,20221009095918,1,PRS_L2D_STD_20221009095918_20221009095923_0001,some,1
FR-Fon,2020-04-09 10:59:00,20200409105954,1,PRS_L2D_STD_20200409105954_20200409105958_0001,no,1
FR-Fon,2020-06-23 10:53:00,20200623105300,1,PRS_L2D_STD_20200623105300_20200623105304_0001,no,1
FR-Fon,2020-09-12 10:49:00,20200912104911,1,PRS_L2D_STD_20200912104911_20200912104915_0001,no,1
FR-Fon,2020-09-18 10:52:00,20200918105227,1,PRS_L2D_STD_20200918105227_20200918105231_0001,no,1
FR-Fon,2020-08-09 11:02:00,20200809110237,1,PRS_L2D_STD_20200809110237_20200809110241_0001,no,1
FR-Fon,2020-10-11 10:48:00,20201011104853,1,PRS_L2D_STD_20201011104853_20201011104858_0001,many,0
FR-Fon,2021-04-27 10:59:00,20210427105924,1,PRS_L2D_STD_20210427105924_20210427105928_0001,no,1
FR-Fon,2021-06-06 10:49:00,20210606104924,1,PRS_L2D_STD_20210606104924_20210606104928_0001,many,0
FR-Fon,2021-06-18 10:56:00,20210618105609,1,PRS_L2D_STD_20210618105609_20210618105614_0001,many,0
FR-Fon,2021-08-15 10:56:00,20210815105637,1,PRS_L2D_STD_20210815105637_20210815105642_0001,haze,2
FR-Fon,2021-03-11 10:50:00,20210311105009,1,PRS_L2D_STD_20210311105009_20210311105014_0001,some,1
FR-Fon,2021-03-29 10:59:00,20210329105948,1,PRS_L2D_STD_20210329105948_20210329105952_0001,no,1
FR-Fon,2021-09-07 10:53:00,20210907105327,1,PRS_L2D_STD_20210907105327_20210907105331_0001,no,1
FR-Fon,2021-11-22 11:03:00,20211122110338,1,PRS_L2D_STD_20211122110338_20211122110343_0001,some,1
FR-Fon,2021-09-25 11:03:00,20210925110325,1,PRS_L2D_STD_20210925110325_20210925110329_0001,haze,0
FR-Fon,2022-08-27 11:00:00,20220827110000,1,PRS_L2D_STD_20220827110000_20220827110004_0001,many,0
FR-Fon,2022-04-21 10:53:00,20220421105311,1,PRS_L2D_STD_20220421105311_20220421105315_0001,haze,1
FR-Fon,2022-04-27 10:56:00,20220427105636,1,PRS_L2D_STD_20220427105636_20220427105640_0001,many,0
FR-Fon,2022-02-11 11:03:00,20220211110330,1,PRS_L2D_STD_20220211110330_20220211110335_0001,some,1
FR-Fon,2022-03-23 10:53:00,20220323105332,1,PRS_L2D_STD_20220323105332_20220323105337_0001,no,1
FR-Fon,2022-05-08 10:46:00,20220508104637,1,PRS_L2D_STD_20220508104637_20220508104641_0001,some,2
IT-Lsn,2021-02-13 10:04:00,20210213100428,1,PRS_L2D_STD_20210213100428_20210213100433_0001,no,1
IT-SR2,2019-11-14 10:27:00,20191114102719,1,PRS_L2D_STD_20191114102719_20191114102723_0001,haze,2
IT-SR2,2021-04-25 10:27:00,20210425102709,1,PRS_L2D_STD_20210425102709_20210425102713_0001,no,1
IT-SR2,2021-07-15 10:24:00,20210715102407,1,PRS_L2D_STD_20210715102407_20210715102411_0001,many,0
IT-SR2,2021-06-10 10:20:00,20210610102029,1,PRS_L2D_STD_20210610102029_20210610102033_0001,no,1
IT-SR2,2021-07-03 10:17:00,20210703101726,1,PRS_L2D_STD_20210703101726_20210703101731_0001,some,1
IT-SR2,2021-08-01 10:17:00,20210801101735,1,PRS_L2D_STD_20210801101735_20210801101739_0001,no,1
IT-SR2,2021-08-07 10:20:00,20210807102057,1,PRS_L2D_STD_20210807102057_20210807102101_0001,some,1
IT-SR2,2021-02-20 10:24:00,20210220102450,1,PRS_L2D_STD_20210220102450_20210220102454_0001,some,1
IT-SR2,2021-09-05 10:21:00,20210905102112,1,PRS_L2D_STD_20210905102112_20210905102116_0001,no,1
IT-SR2,2021-10-27 10:18:00,20211027101806,1,PRS_L2D_STD_20211027101806_20211027101810_0001,no,1
IT-SR2,2021-12-13 10:28:00,20211213102809,1,PRS_L2D_STD_20211213102809_20211213102813_0001,no,0
IT-SR2,2022-01-11 10:28:00,20220111102802,1,PRS_L2D_STD_20220111102802_20220111102807_0001,haze,
IT-SR2,2022-02-02 10:10:00,20220202101025,1,PRS_L2D_STD_20220202101025_20220202101029_0001,some,2
IT-SR2,2022-07-21 10:24:00,20220721102430,1,PRS_L2D_STD_20220721102430_20220721102434_0001,no,1
IT-SR2,2022-11-14 10:24:00,20221114102427,1,PRS_L2D_STD_20221114102427_20221114102431_0001,no,1
SE-Deg,2020-06-21 10:15:00,20200621101505,1,PRS_L2D_STD_20200621101505_20200621101510_0001,some,1
SE-Deg,2020-09-10 10:11:00,20200910101117,1,PRS_L2D_STD_20200910101117_20200910101121_0001,some,2
SE-Deg,2020-08-18 10:14:00,20200818101444,1,PRS_L2D_STD_20200818101444_20200818101448_0001,no,2
SE-Deg,2020-08-07 10:24:00,20200807102443,1,PRS_L2D_STD_20200807102443_20200807102447_0001,many,1
SE-Deg,2021-07-27 10:25:00,20210727102510,1,PRS_L2D_STD_20210727102510_20210727102514_0001,haze,1
SE-Deg,2021-07-03 10:11:00,20210703101146,1,PRS_L2D_STD_20210703101146_20210703101150_0001,many,0
SE-Deg,2021-08-13 10:18:00,20210813101842,1,PRS_L2D_STD_20210813101842_20210813101846_0001,some,1
SE-Deg,2022-06-28 10:22:00,20220628102202,1,PRS_L2D_STD_20220628102202_20220628102206_0001,many,0
SE-Deg,2022-04-25 10:18:00,20220425101840,1,PRS_L2D_STD_20220425101840_20220425101844_0001,snow,0
SE-Deg,2022-06-05 10:25:00,20220605102521,1,PRS_L2D_STD_20220605102521_20220605102525_0001,many,0
SE-Svb,2020-06-21 10:15:00,20200621101505,1,PRS_L2D_STD_20200621101505_20200621101510_0001,some,1
SE-Svb,2020-09-10 10:11:00,20200910101117,1,PRS_L2D_STD_20200910101117_20200910101121_0001,no,0
SE-Svb,2020-08-18 10:14:00,20200818101444,1,PRS_L2D_STD_20200818101444_20200818101448_0001,no,0
SE-Svb,2020-08-07 10:24:00,20200807102443,1,PRS_L2D_STD_20200807102443_20200807102447_0001,many,0
SE-Svb,2021-07-27 10:25:00,20210727102510,1,PRS_L2D_STD_20210727102510_20210727102514_0001,haze,2
SE-Svb,2021-07-03 10:11:00,20210703101146,1,PRS_L2D_STD_20210703101146_20210703101150_0001,some,1
SE-Svb,2021-08-13 10:18:00,20210813101842,1,PRS_L2D_STD_20210813101842_20210813101846_0001,some,1
SE-Svb,2022-06-28 10:22:00,20220628102202,1,PRS_L2D_STD_20220628102202_20220628102206_0001,many,1
SE-Svb,2022-04-25 10:18:00,20220425101840,1,PRS_L2D_STD_20220425101840_20220425101844_0001,snow,0
SE-Svb,2022-06-05 10:25:00,20220605102521,1,PRS_L2D_STD_20220605102521_20220605102525_0001,many,0
BE-Bra,2021-04-27 10:58:00,20210427105834,1,PRS_L2D_STD_20210427105834_20210427105838_0001,no,1
BE-Bra,2022-03-23 10:52:00,20220323105243,1,PRS_L2D_STD_20220323105243_20220323105247_0001,no,1
BE-Bra,2022-05-08 10:45:00,20220508104548,1,PRS_L2D_STD_20220508104548_20220508104553_0001,no,1
DE-Tha,2020-04-07 10:25:00,20200407102538,1,PRS_L2D_STD_20200407102538_20200407102542_0001,no,1
DE-Tha,2020-09-28 10:24:00,20200928102443,1,PRS_L2D_STD_20200928102443_20200928102447_0001,some,0
DE-Tha,2020-08-06 10:11:00,20200806101148,1,PRS_L2D_STD_20200806101148_20200806101152_0001,no,1
DE-Tha,2020-07-31 10:08:00,20200731100829,1,PRS_L2D_STD_20200731100829_20200731100834_0001,no,1
DE-Tha,2021-06-21 10:08:00,20210621100840,1,PRS_L2D_STD_20210621100840_20210621100845_0001,no,1
DE-Tha,2021-03-03 10:12:00,20210303101242,1,PRS_L2D_STD_20210303101242_20210303101246_0001,no,1
DE-Tha,2021-09-05 10:19:00,20210905101911,1,PRS_L2D_STD_20210905101911_20210905101915_0001,some,1
DE-Tha,2021-10-09 10:06:00,20211009100608,1,PRS_L2D_STD_20211009100608_20211009100613_0001,no,1
DE-Tha,2022-03-26 10:05:00,20220326100558,1,PRS_L2D_STD_20220326100558_20220326100602_0001,no,1
DE-Tha,2022-02-14 10:15:00,20220214101559,1,PRS_L2D_STD_20220214101559_20220214101603_0001,no,2
DE-Tha,2022-05-12 10:15:00,20220512101538,1,PRS_L2D_STD_20220512101538_20220512101542_0001,many,0
DE-Tha,2022-07-20 10:05:00,20220720100557,1,PRS_L2D_STD_20220720100557_20220720100601_0001,no,1
DE-Tha,2022-10-27 10:12:00,20221027101232,1,PRS_L2D_STD_20221027101232_20221027101236_0001,error,1
IT-Cp2,2019-09-16 10:10:00,20190916101048,1,PRS_L2D_STD_20190916101048_20190916101052_0001,some,0
IT-Cp2,2019-06-09 10:03:00,20190609100304,1,PRS_L2D_STD_20190609100304_20190609100308_0001,some,1
IT-Cp2,2020-03-20 10:18:00,20200320101811,1,PRS_L2D_STD_20200320101811_20200320101815_0001,no,1
IT-Cp2,2020-08-06 10:14:00,20200806101413,1,PRS_L2D_STD_20200806101413_20200806101417_0001,no,0
IT-Cp2,2020-02-08 10:11:00,20200208101125,1,PRS_L2D_STD_20200208101125_20200208101130_0001,no,0
IT-Cp2,2021-05-17 10:07:00,20210517100736,1,PRS_L2D_STD_20210517100736_20210517100741_0001,some,1
IT-Cp2,2021-07-31 10:01:00,20210731100126,1,PRS_L2D_STD_20210731100126_20210731100130_0001,no,1
IT-Cp2,2021-08-06 10:04:00,20210806100448,1,PRS_L2D_STD_20210806100448_20210806100452_0001,some,1
IT-Cp2,2021-07-02 10:01:00,20210702100117,1,PRS_L2D_STD_20210702100117_20210702100122_0001,no,1
IT-Cp2,2021-09-04 10:05:00,20210904100503,1,PRS_L2D_STD_20210904100503_20210904100508_0001,some,1
IT-Cp2,2021-10-09 10:08:00,20211009100836,1,PRS_L2D_STD_20211009100836_20211009100840_0001,some,0
IT-Cp2,2020-11-24 10:10:00,20201124101004,1,PRS_L2D_STD_20201124101004_20201124101008_0001,shade,0
IT-Cp2,2021-06-27 10:14:00,20210627101429,1,PRS_L2D_STD_20210627101429_20210627101433_0001,no,1
IT-Cp2,2021-07-14 10:08:00,20210714100800,1,PRS_L2D_STD_20210714100800_20210714100804_0001,many,0
IT-Cp2,2021-10-03 10:05:00,20211003100515,1,PRS_L2D_STD_20211003100515_20211003100520_0001,many,0
IT-Cp2,2022-02-25 10:08:00,20220225100834,1,PRS_L2D_STD_20220225100834_20220225100838_0001,many,1
IT-Cp2,2022-01-21 10:02:00,20220121100201,1,PRS_L2D_STD_20220121100201_20220121100205_0001,haze,1
IT-Cp2,2022-01-16 10:15:00,20220116101515,1,PRS_L2D_STD_20220116101515_20220116101519_0001,no,1
IT-Cp2,2022-08-30 10:14:00,20220830101453,1,PRS_L2D_STD_20220830101453_20220830101457_0001,some,1
IT-Cp2,2022-04-12 10:01:00,20220412100139,1,PRS_L2D_STD_20220412100139_20220412100143_0001,no,1
IT-Cp2,2022-02-13 10:01:00,20220213100152,1,PRS_L2D_STD_20220213100152_20220213100156_0001,some,1
IT-Cp2,2022-05-29 10:11:00,20220529101132,1,PRS_L2D_STD_20220529101132_20220529101136_0001,some,0
IT-Cp2,2022-06-04 10:14:00,20220604101451,1,PRS_L2D_STD_20220604101451_20220604101456_0001,many,0
IT-Cp2,2022-07-14 10:05:00,20220714100507,1,PRS_L2D_STD_20220714100507_20220714100511_0001,no,1
IT-Cp2,2022-05-23 10:08:00,20220523100809,1,PRS_L2D_STD_20220523100809_20220523100814_0001,haze,0
IT-Cp2,2022-06-15 10:04:00,20220615100452,1,PRS_L2D_STD_20220615100452_20220615100456_0001,no,1
IT-Cp2,2022-08-24 10:11:00,20220824101139,1,PRS_L2D_STD_20220824101139_20220824101143_0001,many,1
IT-Cp2,2022-12-12 10:08:00,20221212100827,1,PRS_L2D_STD_20221212100827_20221212100832_0001,haze,0
FR-EM2,2021-02-10 10:50:00,20210210105016,1,PRS_L2D_STD_20210210105016_20210210105020_0001,no,1
FR-EM2,2021-10-23 10:46:00,20211023104639,1,PRS_L2D_STD_20211023104639_20211023104643_0001,haze,1
FR-EM2,2020-11-04 11:01:00,20201104110137,1,PRS_L2D_STD_20201104110137_20201104110141_0001,haze,1
FR-EM2,2022-08-04 11:02:00,20220804110257,1,PRS_L2D_STD_20220804110257_20220804110301_0001,some,1
FR-EM2,2022-11-16 10:56:00,20221116105615,1,PRS_L2D_STD_20221116105615_20221116105620_0001,many,0
FR-Tou,2020-04-09 11:01:00,20200409110112,1,PRS_L2D_STD_20200409110112_20200409110116_0001,no,1
FR-Tou,2020-04-15 11:04:00,20200415110430,1,PRS_L2D_STD_20200415110430_20200415110435_0001,some,1
FR-Tou,2020-06-23 10:54:00,20200623105420,1,PRS_L2D_STD_20200623105420_20200623105420_0001,no,1
FR-Tou,2020-09-12 10:50:00,20200912105029,1,PRS_L2D_STD_20200912105029_20200912105034_0001,no,1
FR-Tou,2020-07-05 11:00:00,20200705110052,1,PRS_L2D_STD_20200705110052_20200705110057_0001,no,1
FR-Tou,2020-07-10 10:47:00,20200710104733,1,PRS_L2D_STD_20200710104733_20200710104738_0001,some,0
FR-Tou,2020-08-03 11:00:00,20200803110037,1,PRS_L2D_STD_20200803110037_20200803110041_0001,many,0
FR-Tou,2021-04-15 10:54:00,20210415105415,1,PRS_L2D_STD_20210415105415_20210415105419_0001,no,1
FR-Tou,2021-05-26 11:00:00,20210526110037,1,PRS_L2D_STD_20210526110037_20210526110041_0001,haze,1
FR-Tou,2021-06-12 10:54:00,20210612105406,1,PRS_L2D_STD_20210612105406_20210612105410_0001,many,0
FR-Tou,2021-07-29 11:04:00,20210729110423,1,PRS_L2D_STD_20210729110423_20210729110428_0001,some,1
FR-Tou,2021-08-09 10:54:00,20210809105434,1,PRS_L2D_STD_20210809105434_20210809105438_0001,no,1
FR-Tou,2020-11-21 10:56:00,20201121105629,1,PRS_L2D_STD_20201121105629_20201121105633_0001,no,1
FR-Tou,2021-03-11 10:51:00,20210311105127,1,PRS_L2D_STD_20210311105127_20210311105132_0001,haze,0
FR-Tou,2021-09-07 10:54:00,20210907105445,1,PRS_L2D_STD_20210907105445_20210907105449_0001,haze,0
FR-Tou,2021-10-23 10:48:00,20211023104821,1,PRS_L2D_STD_20211023104821_20211023104825_0001,no,1
FR-Tou,2021-06-18 10:57:00,20210618105727,1,PRS_L2D_STD_20210618105727_20210618105732_0001,many,0
FR-Tou,2021-08-21 11:01:00,20210821110117,1,PRS_L2D_STD_20210821110117_20210821110121_0001,some,1
FR-Tou,2022-05-09 11:04:00,20220509110429,1,PRS_L2D_STD_20220509110429_20220509110433_0001,no,1
FR-Tou,2022-07-28 10:44:00,20220728104438,1,PRS_L2D_STD_20220728104438_20220728104442_0001,some,0
FR-Tou,2022-04-15 10:51:00,20220415105119,1,PRS_L2D_STD_20220415105119_20220415105123_0001,some,0
FR-Tou,2022-06-01 11:01:00,20220601110116,1,PRS_L2D_STD_20220601110116_20220601110120_0001,error,1
FR-Tou,2022-07-11 10:51:00,20220711105129,1,PRS_L2D_STD_20220711105129_20220711105133_0001,no,1
FR-Tou,2022-06-12 10:51:00,20220612105117,1,PRS_L2D_STD_20220612105117_20220612105121_0001,many,0
FR-Tou,2022-09-19 10:58:00,20220919105800,1,PRS_L2D_STD_20220919105800_20220919105805_0001,no,1
FR-Tou,2022-11-16 10:57:00,20221116105759,1,PRS_L2D_STD_20221116105759_20221116105803_0001,no,1
DK-Gds,2021-02-27 10:41:00,20210227104127,1,PRS_L2D_STD_20210227104127_20210227104131_0001,some,0
DK-Skj,2020-04-20 10:47:00,20200420104742,1,PRS_L2D_STD_20200420104742_20200420104746_0001,no,1
FR-Lam,2020-04-09 11:01:00,20200409110112,1,PRS_L2D_STD_20200409110112_20200409110116_0001,no,1
FR-Lam,2020-04-15 11:04:00,20200415110430,1,PRS_L2D_STD_20200415110430_20200415110435_0001,no,1
FR-Lam,2020-06-23 10:54:00,20200623105420,1,PRS_L2D_STD_20200623105420_20200623105424_0001,no,1
FR-Lam,2020-09-12 10:50:00,20200912105029,1,PRS_L2D_STD_20200912105029_20200912105034_0001,haze,0
FR-Lam,2020-07-05 11:00:00,20200705110052,1,PRS_L2D_STD_20200705110052_20200705110057_0001,no,1
FR-Lam,2020-07-10 10:47:00,20200710104733,1,PRS_L2D_STD_20200710104733_20200710104738_0001,some,1
FR-Lam,2020-08-03 11:00:00,20200803110037,1,PRS_L2D_STD_20200803110037_20200803110041_0001,many,0
FR-Lam,2021-04-15 10:54:00,20210415105415,1,PRS_L2D_STD_20210415105415_20210415105419_0001,no,1
FR-Lam,2021-05-26 11:00:00,20210526110037,1,PRS_L2D_STD_20210526110037_20210526110041_0001,haze,0
FR-Lam,2021-06-12 10:54:00,20210612105406,1,PRS_L2D_STD_20210612105406_20210612105410_0001,many,1
FR-Lam,2021-07-29 11:04:00,20210729110423,1,PRS_L2D_STD_20210729110423_20210729110428_0001,some,0
FR-Lam,2021-08-09 10:54:00,20210809105434,1,PRS_L2D_STD_20210809105434_20210809105438_0001,no,1
FR-Lam,2020-11-21 10:56:00,20201121105629,1,PRS_L2D_STD_20201121105629_20201121105633_0001,no,1
FR-Lam,2021-03-11 10:51:00,20210311105127,1,PRS_L2D_STD_20210311105127_20210311105132_0001,haze,0
FR-Lam,2021-09-07 10:54:00,20210907105445,1,PRS_L2D_STD_20210907105445_20210907105449_0001,no,1
FR-Lam,2021-10-23 10:48:00,20211023104821,1,PRS_L2D_STD_20211023104821_20211023104825_0001,no,1
FR-Lam,2021-06-18 10:57:00,20210618105727,1,PRS_L2D_STD_20210618105727_20210618105732_0001,many,0
FR-Lam,2021-08-21 11:01:00,20210821110117,1,PRS_L2D_STD_20210821110117_20210821110121_0001,some,0
FR-Lam,2022-02-28 10:58:00,20220228105818,1,PRS_L2D_STD_20220228105818_20220228105823_0001,haze,1
FR-Lam,2022-06-24 10:57:00,20220624105753,1,PRS_L2D_STD_20220624105753_20220624105757_0001,many,0
FR-Lam,2022-08-27 11:01:00,20220827110118,1,PRS_L2D_STD_20220827110118_20220827110122_0001,no,0
FR-Lam,2022-04-15 10:51:00,20220415105119,1,PRS_L2D_STD_20220415105119_20220415105123_0001,some,1
FR-Lam,2022-05-08 10:47:00,20220508104758,1,PRS_L2D_STD_20220508104758_20220508104803_0001,no,1
FR-Lam,2022-06-01 11:01:00,20220601110116,1,PRS_L2D_STD_20220601110116_20220601110120_0001,error,1
FR-Lam,2022-07-11 10:51:00,20220711105129,1,PRS_L2D_STD_20220711105129_20220711105133_0001,no,1
FR-Lam,2022-06-12 10:51:00,20220612105117,1,PRS_L2D_STD_20220612105117_20220612105121_0001,many,0
FR-Lam,2022-10-18 10:57:00,20221018105751,1,PRS_L2D_STD_20221018105751_20221018105755_0001,no,1
FR-Lam,2022-09-19 10:58:00,20220919105800,1,PRS_L2D_STD_20220919105800_20220919105805_0001,no,1
FR-Lam,2022-11-16 10:57:00,20221116105759,1,PRS_L2D_STD_20221116105759_20221116105803_0001,no,1
CH-Cha,2020-05-07 10:43:00,20200507104314,1,PRS_L2D_STD_20200507104314_20200507104318_0001,no,1
CH-Lae,2020-05-07 10:43:00,20200507104310,1,PRS_L2D_STD_20200507104310_20200507104314_0001,no,1
CH-Oe2,2021-10-11 10:40:00,20211011104030,1,PRS_L2D_STD_20201011104030_20201011104035_0001,some,0
CZ-BK1,2020-04-05 09:52:00,20200405095241,1,PRS_L2D_STD_20200405095241_20200405095245_0001,no,1
CZ-BK1,2020-04-17 09:59:00,20200417095916,1,PRS_L2D_STD_20200417095916_20200417095920_0001,haze,0
CZ-BK1,2020-08-22 09:48:00,20200822094843,1,PRS_L2D_STD_20200822094843_20200822094847_0001,no,1
CZ-BK1,2021-03-02 09:56:00,20210302095619,1,PRS_L2D_STD_20210302095619_20210302095623_0001,no,1
CZ-BK1,2021-10-02 09:46:00,20211002094624,1,PRS_L2D_STD_20211002094624_20211002094628_0001,some,1
CZ-BK1,2021-10-31 09:46:00,20211031094628,1,PRS_L2D_STD_20211031094628_20211031094633_0001,no,1
CZ-BK1,2022-04-12 09:59:00,20220412095922,1,PRS_L2D_STD_20220412095922_20220412095926_0001,no,1
CZ-BK1,2022-04-23 09:49:00,20220423094919,1,PRS_L2D_STD_20220423094919_20220423094923_0001,some,2
CZ-BK1,2022-06-20 09:49:00,20220620094917,1,PRS_L2D_STD_20220620094917_20220620094921_0001,haze,1
CZ-BK1,2022-07-19 09:49:00,20220719094935,1,PRS_L2D_STD_20220719094935_20220719094940_0001,no,1
CZ-BK1,2022-10-26 09:56:00,20221026095607,1,PRS_L2D_STD_20221026095607_20221026095611_0001,haze,1
DE-Gri,2020-04-07 10:25:00,20200407102538,1,PRS_L2D_STD_20200407102538_20200407102542_0001,error,0
DE-Gri,2020-08-06 10:11:00,20200806101148,1,PRS_L2D_STD_20200806101148_20200806101152_0001,no,1
DE-Gri,2020-07-31 10:08:00,20200731100829,1,PRS_L2D_STD_20200731100829_20200731100834_0001,no,1
DE-Gri,2021-06-21 10:08:00,20210621100840,1,PRS_L2D_STD_20210621100840_20210621100845_0001,no,1
DE-Gri,2021-03-03 10:12:00,20210303101242,1,PRS_L2D_STD_20210303101242_20210303101246_0001,no,2
DE-Gri,2021-09-05 10:19:00,20210905101911,1,PRS_L2D_STD_20210905101911_20210905101915_0001,some,1
DE-Gri,2021-10-09 10:06:00,20211009100608,1,PRS_L2D_STD_20211009100608_20211009100613_0001,no,1
DE-Gri,2022-03-26 10:05:00,20220326100558,1,PRS_L2D_STD_20220326100558_20220326100602_0001,no,1
DE-Gri,2022-02-14 10:15:00,20220214101559,1,PRS_L2D_STD_20220214101559_20220214101603_0001,no,1
DE-Gri,2022-05-12 10:15:00,20220512101538,1,PRS_L2D_STD_20220512101538_20220512101542_0001,many,0
DE-Gri,2022-07-20 10:05:00,20220720100557,1,PRS_L2D_STD_20220720100557_20220720100601_0001,no,1
DE-Gri,2022-10-27 10:12:00,20221027101232,1,PRS_L2D_STD_20221027101232_20221027101236_0001,error,1
DE-Hzd,2020-03-26 10:19:00,20200326101903,1,PRS_L2D_STD_20200326101903_20200326101907_0001,haze,0
DE-Hzd,2020-04-07 10:25:00,20200407102538,1,PRS_L2D_STD_20200407102538_20200407102542_0001,error,0
DE-Hzd,2020-08-06 10:11:00,20200806101148,1,PRS_L2D_STD_20200806101148_20200806101152_0001,no,1
DE-Hzd,2020-07-31 10:08:00,20200731100829,1,PRS_L2D_STD_20200731100829_20200731100834_0001,no,1
DE-Hzd,2021-06-21 10:08:00,20210621100840,1,PRS_L2D_STD_20210621100840_20210621100845_0001,haze,0
DE-Hzd,2021-03-03 10:12:00,20210303101242,1,PRS_L2D_STD_20210303101242_20210303101246_0001,error,0
DE-Hzd,2021-09-05 10:19:00,20210905101911,1,PRS_L2D_STD_20210905101911_20210905101915_0001,some,1
DE-Hzd,2021-10-09 10:06:00,20211009100608,1,PRS_L2D_STD_20211009100608_20211009100613_0001,no,1
DE-Hzd,2022-03-26 10:05:00,20220326100558,1,PRS_L2D_STD_20220326100558_20220326100602_0001,no,1
DE-Hzd,2022-02-14 10:15:00,20220214101559,1,PRS_L2D_STD_20220214101559_20220214101603_0001,no,1
DE-Hzd,2022-05-12 10:15:00,20220512101538,1,PRS_L2D_STD_20220512101538_20220512101542_0001,many,0
DE-Hzd,2022-07-20 10:05:00,20220720100557,1,PRS_L2D_STD_20220720100557_20220720100601_0001,no,1
DE-Hzd,2022-10-27 10:12:00,20221027101232,1,PRS_L2D_STD_20221027101232_20221027101236_0001,error,1
DE-Kli,2020-04-07 10:25:00,20200407102538,1,PRS_L2D_STD_20200407102538_20200407102542_0001,error,0
DE-Kli,2020-08-06 10:11:00,20200806101148,1,PRS_L2D_STD_20200806101148_20200806101152_0001,no,1
DE-Kli,2020-07-31 10:08:00,20200731100829,1,PRS_L2D_STD_20200731100829_20200731100834_0001,no,1
DE-Kli,2021-06-21 10:08:00,20210621100840,1,PRS_L2D_STD_20210621100840_20210621100845_0001,no,1
DE-Kli,2021-03-03 10:12:00,20210303101242,1,PRS_L2D_STD_20210303101242_20210303101246_0001,error,0
DE-Kli,2021-09-05 10:19:00,20210905101911,1,PRS_L2D_STD_20210905101911_20210905101915_0001,some,0
DE-Kli,2021-10-09 10:06:00,20211009100608,1,PRS_L2D_STD_20211009100608_20211009100613_0001,no,1
DE-Kli,2022-02-14 10:15:00,20220214101559,1,PRS_L2D_STD_20220214101559_20220214101603_0001,no,2
DE-Kli,2022-05-12 10:15:00,20220512101538,1,PRS_L2D_STD_20220512101538_20220512101542_0001,many,0
DE-Kli,2022-07-20 10:05:00,20220720100557,1,PRS_L2D_STD_20220720100557_20220720100601_0001,no,1
DE-Kli,2022-10-27 10:12:00,20221027101232,1,PRS_L2D_STD_20221027101232_20221027101236_0001,error,1
FR-Aur,2020-04-15 11:04:00,20200415110430,1,PRS_L2D_STD_20200415110430_20200415110435_0001,no,1
FR-Aur,2020-06-23 10:54:00,20200623105420,1,PRS_L2D_STD_20200623105420_20200623105424_0001,error,0
FR-Aur,2020-07-05 11:00:00,20200705110052,1,PRS_L2D_STD_20200705110052_20200705110057_0001,no,1
FR-Aur,2021-04-15 10:54:00,20210415105415,1,PRS_L2D_STD_20210415105415_20210415105419_0001,error,0
FR-Aur,2021-05-26 11:00:00,20210526110037,1,PRS_L2D_STD_20210526110037_20210526110041_0001,haze,0
FR-Aur,2021-06-12 10:54:00,20210612105406,1,PRS_L2D_STD_20210612105406_20210612105410_0001,some,1
FR-Aur,2021-07-29 11:04:00,20210729110423,1,PRS_L2D_STD_20210729110423_20210729110428_0001,some,0
FR-Aur,2021-08-09 10:54:00,20210809105434,1,PRS_L2D_STD_20210809105434_20210809105438_0001,haze,0
FR-Aur,2022-02-28 10:58:00,20220228105818,1,PRS_L2D_STD_20220228105818_20220228105823_0001,no,1
FR-Aur,2022-06-24 10:57:00,20220624105753,1,PRS_L2D_STD_20220624105753_20220624105757_0001,many,1
FR-Aur,2022-04-15 10:51:00,20220415105119,1,PRS_L2D_STD_20220415105119_20220415105123_0001,many,0
FR-Aur,2022-05-08 10:47:00,20220508104758,1,PRS_L2D_STD_20220508104758_20220508104803_0001,no,1
FR-Aur,2022-06-01 11:01:00,20220601110116,1,PRS_L2D_STD_20220601110116_20220601110120_0001,no,1
FR-Aur,2022-10-18 10:57:00,20221018105751,1,PRS_L2D_STD_20221018105751_20221018105755_0001,no,2
FR-Aur,2022-09-25 11:01:00,20220925110117,1,PRS_L2D_STD_20220925110117_20220925110121_0001,many,0
FR-FBn,2020-04-14 10:47:00,20200414104750,1,PRS_L2D_STD_20200414104750_20200414104754_0001,no,1
FR-FBn,2020-09-23 10:40:00,20200923104022,1,PRS_L2D_STD_20200923104022_20200923104027_0001,many,0
FR-FBn,2020-08-31 10:43:00,20200831104351,1,PRS_L2D_STD_20200831104351_20200831104356_0001,no,1
FR-FBn,2021-02-27 10:44:00,20210227104454,1,PRS_L2D_STD_20210227104454_20210227104459_0001,some,0
FR-FBn,2021-07-16 10:41:00,20210716104103,1,PRS_L2D_STD_20210716104103_20210716104107_0001,some,1
FR-FBn,2021-08-14 10:41:00,20210814104116,1,PRS_L2D_STD_20210814104116_20210814104120_0001,haze,1
FR-FBn,2021-09-06 10:38:00,20210906103806,1,PRS_L2D_STD_20210906103806_20210906103810_0001,some,1
FR-FBn,2021-12-14 10:45:00,20211214104503,1,PRS_L2D_STD_20211214104503_20211214104507_0001,no,1
FR-FBn,2022-03-28 10:41:00,20220328104124,1,PRS_L2D_STD_20220328104124_20220328104129_0001,haze,0
FR-FBn,2022-04-26 10:41:00,20220426104114,1,PRS_L2D_STD_20220426104114_20220426104118_0001,no,1
FR-FBn,2022-01-12 10:44:00,20220112104457,1,PRS_L2D_STD_20220112104457_20220112104501_0001,haze,2
FR-FBn,2022-03-22 10:38:00,20220322103812,1,PRS_L2D_STD_20220322103812_20220322103817_0001,some,0
FR-FBn,2022-09-12 10:38:00,20220912103805,1,PRS_L2D_STD_20220912103805_20220912103809_0001,error,0
FR-Hes,2020-07-21 10:35:00,20200721103558,1,PRS_L2D_STD_20200721103558_20200721103602_0001,some,1
FR-Hes,2020-08-08 10:45:00,20200808104548,1,PRS_L2D_STD_20200808104548_20200808104552_0001,no,1
FR-Hes,2021-07-22 10:42:00,20210722104255,1,PRS_L2D_STD_20210722104255_20210722104259_0001,no,1
FR-Hes,2022-07-16 10:36:00,20220716103641,1,PRS_L2D_STD_20220716103641_20220716103645_0001,no,1
FR-Mej,2021-02-23 11:13:00,20210223111349,1,PRS_L2D_STD_20210223111349_20210223111353_0001,no,1
FR-Mej,2020-11-28 11:15:00,20201128111516,1,PRS_L2D_STD_20201128111516_20201128111520_0001,no,1
IE-Cra,2021-02-25 11:45:00,20210225114550,1,PRS_L2D_STD_20210225114550_20210225114554_0001,some,0
IT-BCi,2021-05-11 10:04:00,20210511100433,1,PRS_L2D_STD_20210511100433_20210511100437_0001,no,1
IT-BCi,2021-09-09 09:52:00,20210909095202,1,PRS_L2D_STD_20210909095202_20210909095206_0001,no,1
IT-BFt,2021-07-15 10:23:00,20210715102345,1,PRS_L2D_STD_20210715102345_20210715102349_0001,many,0
IT-BFt,2021-08-07 10:20:00,20210807102034,1,PRS_L2D_STD_20210807102034_20210807102038_0001,many,0
IT-BFt,2021-10-27 10:17:00,20211027101743,1,PRS_L2D_STD_20211027101743_20211027101747_0001,no,1
IT-BFt,2022-04-07 10:14:00,20220407101408,1,PRS_L2D_STD_20220407101408_20220407101413_0001,haze,1
IT-Lav,2020-04-18 10:17:00,20200418101701,1,PRS_L2D_STD_20200418101701_20200418101706_0001,haze,0
IT-Lav,2021-03-21 10:23:00,20210321102345,1,PRS_L2D_STD_20200321102345_20200321102349_0001,haze,0
IT-Lav,2021-11-02 10:20:00,20211102102052,1,PRS_L2D_STD_20211102102052_20211102102056_0001,shade,0
IT-Lav,2021-08-18 10:10:00,20210818101033,1,PRS_L2D_STD_20210818101033_20210818101037_0001,some,0
IT-Lav,2022-01-28 10:21:00,20220128102149,1,PRS_L2D_STD_20220128102149_20220128102153_0001,no,0
IT-Lav,2022-03-03 10:10:00,20220303101052,1,PRS_L2D_STD_20220303101052_20220303101056_0001,no,0
IT-MBo,2021-02-26 10:27:00,20210226102724,1,PRS_L2D_STD_20210226102724_20210226102728_0001,snow,0
IT-MBo,2021-04-25 10:26:00,20210425102632,1,PRS_L2D_STD_20210425102632_20210425102636_0001,snow,0
IT-MBo,2021-09-05 10:20:00,20210905102033,1,PRS_L2D_STD_20210905102033_20210905102037_0001,some,0
IT-MBo,2021-08-18 10:10:00,20210818101033,1,PRS_L2D_STD_20210818101033_20210818101037_0001,some,0
IT-MBo,2021-12-07 10:24:00,20211207102413,1,PRS_L2D_STD_20211207102413_20211207102417_0001,snow,0
IT-MBo,2022-03-03 10:10:00,20220303101052,1,PRS_L2D_STD_20220303101052_20220303101056_0001,no,0
IT-MBo,2022-11-20 10:27:00,20221120102705,1,PRS_L2D_STD_20221120102705_20221120102709_0001,no,1
IT-Ren,2021-09-28 10:17:00,20210928101713,1,PRS_L2D_STD_20210928101713_20210928101718_0001,no,1
IT-Ren,2020-11-19 10:22:00,20201119102212,1,PRS_L2D_STD_20201119102212_20201119102217_0001,no,1
IT-Ren,2022-02-20 10:20:00,20220220102034,1,PRS_L2D_STD_20220220102034_20220220102038_0001,no,2
IT-Ren,2022-09-22 10:10:00,20220922101021,1,PRS_L2D_STD_20220922101021_20220922101026_0001,no,0
IT-Ren,2022-11-19 10:10:00,20221119101021,1,PRS_L2D_STD_20221119101021_20221119101025_0001,no,1
IT-Tor,2020-07-09 10:30:00,20200709103008,1,PRS_L2D_STD_20200709103008_20200709103012_0001,no,1
IT-Tor,2021-04-14 10:36:00,20210414103651,1,PRS_L2D_STD_20210414103651_20210414103655_0001,snow,0
IT-Tor,2021-08-08 10:37:00,20210808103707,1,PRS_L2D_STD_20210808103707_20210808103711_0001,no,1
IT-Tor,2021-05-30 10:29:00,20210530102958,1,PRS_L2D_STD_20210530102958_20210530103002_0001,some,0
IT-Tor,2021-08-19 10:27:00,20210819102719,1,PRS_L2D_STD_20210819102719_20210819102723_0001,many,0
IT-Tor,2022-02-15 10:34:00,20220215103408,1,PRS_L2D_STD_20220215103408_20220215103413_0001,no,0
RU-Fy2,2020-05-01 09:00:00,20200501090026,1,PRS_L2D_STD_20200501090026_20200501090030_0001,many,0
RU-Fy2,2020-07-10 10:09:00,20200710090648,1,PRS_L2D_STD_20200710090648_20200710090653_0001,many,0
RU-Fy2,2021-06-18 09:16:00,20210618091642,1,PRS_L2D_STD_20210618091642_20210618091647_0001,error,0
RU-Fy2,2021-08-09 09:13:00,20210809091347,1,PRS_L2D_STD_20210809091347_20210809091351_0001,many,0
RU-Fy2,2021-03-11 09:10:00,20210311091042,1,PRS_L2D_STD_20210311091042_20210311091047_0001,snow,0
RU-Fy2,2021-04-09 09:10:00,20210409091019,1,PRS_L2D_STD_20210409091019_20210409091023_0001,many,0
RU-Fyo,2020-05-01 09:00:00,20200501090026,1,PRS_L2D_STD_20200501090026_20200501090030_0001,many,0
RU-Fyo,2020-07-10 10:09:00,20200710090648,1,PRS_L2D_STD_20200710090648_20200710090653_0001,many,0
RU-Fyo,2021-06-18 09:16:00,20210618091642,1,PRS_L2D_STD_20210618091642_20210618091647_0001,error,0
RU-Fyo,2021-08-09 09:13:00,20210809091347,1,PRS_L2D_STD_20210809091347_20210809091351_0001,many,0
RU-Fyo,2021-03-11 09:10:00,20210311091042,1,PRS_L2D_STD_20210311091042_20210311091047_0001,snow,0
RU-Fyo,2021-04-09 09:10:00,20210409091019,1,PRS_L2D_STD_20210409091019_20210409091023_0001,many,0
SE-Ros,2020-06-21 10:15:00,20200621101505,1,PRS_L2D_STD_20200621101505_20200621101510_0001,some,1
SE-Ros,2020-09-10 10:11:00,20200910101117,1,PRS_L2D_STD_20200910101117_20200910101121_0001,no,1
SE-Ros,2020-09-22 10:17:00,20200922101749,1,PRS_L2D_STD_20200922101749_20200922101753_0001,haze,0
SE-Ros,2020-08-18 10:14:00,20200818101444,1,PRS_L2D_STD_20200818101444_20200818101448_0001,no,1
SE-Ros,2020-08-07 10:24:00,20200807102443,1,PRS_L2D_STD_20200807102443_20200807102447_0001,many,0
SE-Ros,2021-07-27 10:25:00,20210727102510,1,PRS_L2D_STD_20210727102510_20210727102514_0001,no,1
SE-Ros,2021-07-03 10:11:00,20210703101146,1,PRS_L2D_STD_20210703101146_20210703101150_0001,some,1
SE-Ros,2021-08-13 10:18:00,20210813101842,1,PRS_L2D_STD_20210813101842_20210813101846_0001,some,0
SE-Ros,2022-06-28 10:22:00,20220628102202,1,PRS_L2D_STD_20220628102202_20220628102206_0001,many,1
SE-Ros,2022-04-25 10:18:00,20220425101840,1,PRS_L2D_STD_20220425101840_20220425101844_0001,snow,0
SE-Ros,2022-06-05 10:25:00,20220605102521,1,PRS_L2D_STD_20220605102521_20220605102525_0001,many,0
FR-LGt,2022-09-19 10:57:00,20220919105701,1,PRS_L2D_STD_20220919105701_20220919105705_0001,some,2
SE-Nor,2022-05-12 10:13:00,20220512101310,1,PRS_L2D_STD_20220512101310_20220512101314_0001,many,0

























